{"cameraMode":{"drawMode":0,"name":"Shaded","section":"Shading Mode"},"sceneLighting":false,"audioPlay":false,"sceneViewState":{"m_AlwaysRefresh":false,"showFog":true,"showSkybox":false,"showFlares":true,"showImageEffects":true,"showParticleSystems":true,"showVisualEffectGraphs":true,"m_FxEnabled":true},"in2DMode":false,"pivot":{"x":-1.7646242380142213,"y":1.0440871715545655,"z":-0.20876151323318482},"rotation":{"x":-0.10228388011455536,"y":0.49795347452163699,"z":-0.059285249561071399,"w":-0.8591099977493286},"size":4.146424293518066,"orthographic":false}