{"cameraMode":{"drawMode":0,"name":"Shaded","section":"Shading Mode"},"sceneLighting":false,"audioPlay":false,"sceneViewState":{"m_AlwaysRefresh":false,"showFog":true,"showSkybox":false,"showFlares":true,"showImageEffects":true,"showParticleSystems":true,"showVisualEffectGraphs":true,"m_FxEnabled":true},"in2DMode":false,"pivot":{"x":-0.06371039897203446,"y":-0.021091341972351075,"z":0.27093449234962466},"rotation":{"x":0.7658524513244629,"y":0.0048224045895040039,"z":-0.005744032096117735,"w":0.6429743766784668},"size":2.1724209785461427,"orthographic":false}