{"cameraMode":{"drawMode":0,"name":"Shaded","section":"Shading Mode"},"sceneLighting":false,"audioPlay":false,"sceneViewState":{"m_AlwaysRefresh":false,"showFog":true,"showSkybox":false,"showFlares":true,"showImageEffects":true,"showParticleSystems":true,"showVisualEffectGraphs":true,"m_FxEnabled":true},"in2DMode":false,"pivot":{"x":-0.8646823167800903,"y":0.46286171674728396,"z":1.493377923965454},"rotation":{"x":-0.29783591628074648,"y":-0.4736221432685852,"z":0.17406363785266877,"w":-0.8103766441345215},"size":1.1741900444030762,"orthographic":false}