{"cameraMode":{"drawMode":0,"name":"Shaded","section":"Shading Mode"},"sceneLighting":false,"audioPlay":false,"sceneViewState":{"m_AlwaysRefresh":false,"showFog":true,"showSkybox":false,"showFlares":true,"showImageEffects":true,"showParticleSystems":true,"showVisualEffectGraphs":true,"m_FxEnabled":true},"in2DMode":false,"pivot":{"x":-1.5939234495162964,"y":-0.21939757466316224,"z":0.9931027889251709},"rotation":{"x":-0.11933421343564987,"y":-0.036631327122449878,"z":0.0044063376262784,"w":-0.9921757578849793},"size":1.2600516080856324,"orthographic":false}