{"cameraMode":{"drawMode":0,"name":"Shaded","section":"Shading Mode"},"sceneLighting":false,"audioPlay":false,"sceneViewState":{"m_AlwaysRefresh":false,"showFog":true,"showSkybox":false,"showFlares":true,"showImageEffects":true,"showParticleSystems":true,"showVisualEffectGraphs":true,"m_FxEnabled":true},"in2DMode":false,"pivot":{"x":0.3508263826370239,"y":-0.12618660926818849,"z":-0.21362483501434327},"rotation":{"x":0.5460826754570007,"y":-0.10491582006216049,"z":0.06917288154363632,"w":0.8282533288002014},"size":2.59808349609375,"orthographic":false}